Cod IBGE;Localidades;Área (Em km2);População;Densidade Demográfica (Habitantes/km2);Grau de Urbanização (Em %);Hab./Domicílio;Total H;Total M;00 a 14;15 a 29;30 a 59;60 e mais
3500105;Adamantina;411,99;33.869;82,21;96,5;2,73;16310;17559;5196;6468;14620;7585
3500204;Adolfo;211,06;3.436;16,28;92,67;2,67;1699;1737;518;688;1452;778
3500303;Aguaí;474,55;35.885;75,62;92,38;2,93;18021;17864;7077;8203;15190;5415
3500402;Águas da Prata;142,67;7.807;54,72;92,42;2,79;3834;3973;1163;1579;3295;1770
3500501;Águas de Lindóia;60,13;18.438;306,64;99,1;2,9;8972;9466;3529;3721;7830;3358
3500550;Águas de Santa Bárbara;404,46;5.957;14,73;77,93;2,76;2912;3045;1130;1327;2369;1131
3500600;Águas de São Pedro;3,61;3.144;870,91;100;2,68;1479;1665;468;639;1256;781
3500709;Agudos;966,71;36.255;37,5;96,41;3,01;17869;18386;6934;8141;15484;5696
3500758;Alambari;159,6;5.856;36,69;82,41;2,85;2921;2935;1104;1514;2385;853
3500808;Alfredo Marcondes;118,92;3.924;33;91;2,67;1999;1925;553;784;1666;921
3500907;Altair;313,01;4.052;12,95;85,02;2,77;2148;1904;755;910;1816;571
3501004;Altinópolis;928,96;15.547;16,74;92,11;2,86;7727;7820;2629;3343;6528;3047
3501103;Alto Alegre;318,57;4.006;12,57;85,45;2,73;2045;1961;586;749;1691;980
3501152;Alumínio;83,66;18.069;215,98;83,87;2,96;9067;9002;3690;4231;7825;2323
3501202;Álvares Florence;362,41;3.596;9,92;74,05;2,48;1818;1778;419;656;1514;1007
3501301;Álvares Machado;347,65;23.828;68,54;91,41;2,79;11696;12132;3979;5364;10086;4399
3501400;Álvaro de Carvalho;153,66;5.079;33,05;67,79;4,41;3159;1920;845;1606;2033;595
3501509;Alvinlândia;84,88;3.190;37,58;92,38;3,05;1573;1617;692;729;1253;516
3501608;Americana;133,91;235.075;1755,47;99,53;2,82;114935;120140;38189;47202;107811;41873
3501707;Américo Brasiliense;122,79;40.676;331,26;99,24;2,93;20312;20364;8379;9461;18155;4681
3501806;Américo de Campos;252,88;5.730;22,66;87,89;2,64;2861;2869;848;1171;2417;1294
3501905;Amparo;445,32;69.861;156,88;84,65;2,88;34288;35573;11186;14079;31477;13119
3502002;Analândia;325,95;4.895;15,02;84,21;2,84;2497;2398;884;1136;2037;838
3502101;Andradina;964,23;56.087;58,17;94,38;2,81;27456;28631;9477;11346;24199;11065
3502200;Angatuba;1027,29;24.697;24,04;75,11;2,85;12392;12305;4763;5810;10211;3913
3502309;Anhembi;736,56;6.755;9,17;79,08;2,9;3437;3318;1318;1739;2692;1006
3502408;Anhumas;320,84;3.983;12,41;88,2;2,89;1981;2002;672;927;1683;701
3502507;Aparecida;121,08;35.744;295,21;98,55;3,03;17199;18545;6605;7451;15451;6237
3502606;Aparecida d'Oeste;179;4.105;22,93;87,24;2,65;1987;2118;600;832;1665;1008
3502705;Apiaí;974,32;24.711;25,36;81,8;2,93;12318;12393;5059;6369;9474;3809
3502754;Araçariguama;145,2;21.289;146,62;100;3,05;10761;10528;4956;5368;8670;2295
3502804;Araçatuba;1167,13;190.921;163,58;98,07;2,72;91563;99358;31060;37525;85927;36409
3502903;Araçoiaba da Serra;255,33;32.846;128,64;68,74;2,96;16228;16618;6413;7766;13396;5271
3503000;Aramina;202,83;5.515;27,19;96,46;2,83;2749;2766;948;1160;2394;1013
3503109;Arandu;285,91;6.168;21,57;83,12;2,85;3099;3069;1135;1479;2495;1059
3503158;Arapeí;156,9;2.469;15,74;77,93;2,81;1232;1237;450;570;998;451
3503208;Araraquara;1003,63;228.792;227,96;97,16;2,75;110380;118412;37145;46458;103657;41532
3503307;Araras;644,83;131.931;204,6;95,26;2,92;64773;67158;22079;28000;59466;22386
3503356;Arco-Íris;264,9;1.806;6,82;64,84;2,73;900;906;291;361;735;419
3503406;Arealva;504,97;8.223;16,28;84,32;2,75;4130;4093;1330;1756;3324;1813
3503505;Areias;305,23;3.860;12,65;67,05;3,12;1909;1951;809;975;1500;576
3503604;Areiópolis;85,91;10.900;126,88;92,97;3,01;5577;5323;2250;2598;4692;1360
3503703;Ariranha;132,62;9.378;70,71;94,7;2,88;4740;4638;1660;2009;4196;1513
3503802;Artur Nogueira;178,03;53.224;298,96;90,54;2,88;26412;26812;9770;12553;23834;7067
3503901;Arujá;96,17;90.958;945,8;96,33;3,15;44839;46119;19630;22237;37818;11273
3503950;Aspásia;69,37;1.760;25,37;75,4;2,7;879;881;255;351;742;412
3504008;Assis;460,61;101.825;221,07;95,63;2,8;49587;52238;17369;21450;44274;18732
3504107;Atibaia;478,52;140.589;293,8;93,87;3,03;68910;71679;27355;30772;59788;22674
3504206;Auriflama;434,5;14.478;33,32;93,59;2,68;7180;7298;2156;2948;6462;2912
3504305;Avaí;540,69;5.314;9,83;67,14;2,79;2654;2660;971;1311;2151;881
3504404;Avanhandava;338,37;12.188;36,02;84,55;3,31;6673;5515;2328;3387;4876;1597
3504503;Avaré;1213,06;87.854;72,42;96,61;2,86;43484;44370;16107;19493;37433;14821
3504602;Bady Bassitt;110,37;16.441;148,96;93,91;2,77;8164;8277;2642;3642;7496;2661
3504701;Balbinos;91,64;3.707;40,45;32,18;7,52;2980;727;231;1470;1698;308
3504800;Bálsamo;149,88;8.542;56,99;93,32;2,72;4157;4385;1318;1637;3824;1763
3504909;Bananal;616,43;10.691;17,34;84,85;2,83;5270;5421;2059;2380;4298;1954
3505005;Barão de Antonina;153,14;3.407;22,25;63,99;2,81;1721;1686;638;831;1283;655
3505104;Barbosa;205,21;7.345;35,79;85,64;2,95;3681;3664;1459;1782;2946;1158
3505203;Bariri;444,41;34.180;76,91;96,49;2,89;17033;17147;5871;7631;14446;6232
3505302;Barra Bonita;150,12;34.864;232,24;98,16;2,81;16979;17885;5295;6669;16064;6836
3505351;Barra do Chapéu;405,68;5.561;13,71;29,44;2,99;2899;2662;1211;1438;2087;825
3505401;Barra do Turvo;1007,68;7.709;7,65;47,28;2,98;3977;3732;1787;2039;2591;1292
3505500;Barretos;1566,16;118.419;75,61;96,95;2,8;57275;61144;20106;24642;52814;20857
3505609;Barrinha;146,03;32.658;223,64;98,89;2,92;16344;16314;7107;7739;14314;3498
3505708;Barueri;65,7;266.236;4052,3;100;3,01;129518;136718;62862;58481;114001;30892
3505807;Bastos;170,91;20.296;118,75;88,88;2,88;9910;10386;3743;4346;8532;3675
3505906;Batatais;849,53;60.502;71,22;88,44;2,86;29661;30841;10189;13056;26158;11099
3506003;Bauru;667,68;365.523;547,45;98,33;2,81;177109;188414;62316;77197;161521;64489
3506102;Bebedouro;683,19;73.969;108,27;96,22;2,81;35926;38043;12164;15383;32264;14158
3506201;Bento de Abreu;301,69;2.966;9,83;95,82;2,8;1499;1467;541;657;1302;466
3506300;Bernardino de Campos;244,16;10.793;44,2;91,64;2,86;5246;5547;1974;2309;4308;2202
3506359;Bertioga;491,55;64.526;131,27;99,11;2,97;32002;32524;15191;16147;26526;6662
3506409;Bilac;158,03;7.855;49,71;94,51;2,71;3866;3989;1162;1637;3497;1559
3506508;Birigui;530,03;122.161;230,48;97,39;2,74;59350;62811;19727;25747;55967;20720
3506607;Biritiba Mirim;317,41;32.683;102,97;87,37;3,06;16394;16289;6753;8129;13272;4529
3506706;Boa Esperança do Sul;690,75;14.658;21,22;92,13;2,9;7316;7342;2892;3467;6196;2103
3506805;Bocaina;363,93;12.243;33,64;93,57;2,97;6072;6171;2226;2785;5351;1881
3506904;Bofete;653,54;11.194;17,13;63,76;2,82;5622;5572;2136;2799;4273;1986
3507001;Boituva;248,95;57.987;232,93;94,07;2,91;29004;28983;11210;13223;25823;7731
3507100;Bom Jesus dos Perdões;108,37;24.625;227,23;91,3;2,87;12287;12338;4761;6061;10601;3202
3507159;Bom Sucesso de Itararé;133,58;3.894;29,15;75,35;3,19;1959;1935;973;1076;1426;419
3507209;Borá;118,95;811;6,82;77,93;2,9;421;390;133;181;365;132
3507308;Boracéia;122,11;4.798;39,29;91,37;3,07;2436;2362;952;1110;1975;761
3507407;Borborema;552,26;15.370;27,83;94,26;2,75;7727;7643;2491;3208;6781;2890
3507456;Borebi;347,99;2.602;7,48;93,43;2,93;1283;1319;530;650;1052;370
3507506;Botucatu;1482,64;142.092;95,84;96,67;2,81;69051;73041;25492;30751;61598;24251
3507605;Bragança Paulista;512,58;165.241;322,37;98,14;2,98;81024;84217;29806;36410;72230;26795
3507704;Braúna;195,18;5.593;28,66;93,12;2,88;2805;2788;934;1209;2406;1044
3507753;Brejo Alegre;105,69;2.780;26,3;86,26;2,8;1412;1368;442;644;1222;472
3507803;Brodowski;278,46;24.132;86,66;98,84;2,95;11872;12260;4157;5755;10373;3847
3507902;Brotas;1101,37;24.039;21,83;87,01;2,91;11912;12127;4552;5477;10163;3847
3508009;Buri;1195,91;19.819;16,57;83,92;3,07;10043;9776;4786;4990;7405;2638
3508108;Buritama;326,92;16.673;51;96,06;2,72;8297;8376;2854;3484;7307;3028
3508207;Buritizal;266,42;4.323;16,23;84,06;2,67;2198;2125;737;867;1877;842
3508306;Cabrália Paulista;239,97;4.306;17,94;87,34;2,77;2174;2132;784;1044;1766;712
3508405;Cabreúva;260,23;50.112;192,57;89,98;3,05;25163;24949;10556;12486;21464;5606
3508504;Caçapava;368,99;91.646;248,37;85,56;3,06;45234;46412;17419;19593;39849;14785
3508603;Cachoeira Paulista;287,99;32.381;112,44;83,65;2,98;15804;16577;5890;7076;13847;5568
3508702;Caconde;468,21;18.893;40,35;72,14;2,94;9384;9509;3438;4523;7378;3554
3508801;Cafelândia;920,28;17.286;18,78;90,32;2,85;8506;8780;3157;3659;7297;3173
3508900;Caiabu;253,35;4.104;16,2;85,79;2,66;2103;2001;732;852;1725;795
3509007;Caieiras;97,64;101.748;1042,07;98,31;3;49841;51907;19862;24465;44707;12714
3509106;Caiuá;551,16;5.642;10,24;38,3;2,83;2911;2731;882;1409;2338;1013
3509205;Cajamar;131,39;78.786;599,63;98,86;2,92;39214;39572;17305;19062;34305;8114
3509254;Cajati;454,44;29.116;64,07;74,27;2,98;14647;14469;6633;7425;11046;4012
3509304;Cajobi;176,93;10.124;57,22;95,05;2,76;5142;4982;1570;2130;4534;1890
3509403;Cajuru;660,09;25.850;39,16;89,42;2,92;12874;12976;5171;6007;10641;4031
3509452;Campina do Monte Alegre;185,03;5.832;31,52;88,39;2,77;2936;2896;1146;1383;2355;948
3509502;Campinas;794,57;1.181.555;1487,04;98,28;2,81;570167;611388;205068;244517;532803;199167
3509601;Campo Limpo Paulista;79,4;83.530;1052,02;100;2,99;40939;42591;16417;19099;36203;11811
3509700;Campos do Jordão;290,52;50.307;173,16;99,38;2,99;24452;25855;10648;11655;21311;6693
3509809;Campos Novos Paulista;484,2;4.841;10;83,08;2,77;2475;2366;911;1151;1931;848
3509908;Cananéia;1237,35;12.379;10;86,89;3,01;6159;6220;2663;3041;4587;2088
3509957;Canas;53,26;5.120;96,13;96,35;3,23;2570;2550;1141;1269;2064;646
3510005;Cândido Mota;595,81;30.010;50,37;95,11;2,79;14685;15325;5219;6305;12798;5688
3510104;Cândido Rodrigues;70,89;2.672;37,69;85,89;2,82;1304;1368;394;483;1165;630
3510153;Canitar;57,46;5.051;87,9;95,49;3,2;2545;2506;1101;1386;1988;576
3510203;Capão Bonito;1640,23;46.521;28,36;85,29;3,04;23098;23423;9722;11276;18429;7094
3510302;Capela do Alto;169,89;20.828;122,6;87,08;2,99;10656;10172;4153;5314;8635;2726
3510401;Capivari;322,88;54.686;169,37;97,67;3,11;27296;27390;10775;12469;23758;7684
3510500;Caraguatatuba;484,95;117.090;241,45;96,32;2,87;57431;59659;23450;27813;48658;17169
3510609;Carapicuíba;34,55;396.447;11474,59;100;3;192549;203898;86600;86441;170286;53120
3510708;Cardoso;639,25;11.712;18,32;92,06;2,61;5729;5983;1909;2387;4856;2560
3510807;Casa Branca;864,23;29.549;34,19;82,93;3,13;15476;14073;5203;6788;12381;5177
3510906;Cássia dos Coqueiros;191,68;2.486;12,97;77,55;2,82;1261;1225;404;572;996;514
3511003;Castilho;1065,32;20.937;19,65;75,46;2,97;10355;10582;3926;4908;8723;3380
3511102;Catanduva;290,6;117.414;404,04;99,2;2,75;56972;60442;18822;23008;53020;22564
3511201;Catiguá;148,39;7.555;50,91;93,17;2,84;3812;3743;1279;1561;3443;1272
3511300;Cedral;197,84;8.895;44,96;83,24;2,82;4412;4483;1355;1855;3921;1764
3511409;Cerqueira César;511,62;19.350;37,82;92,43;2,88;9519;9831;3709;4616;7889;3136
3511508;Cerquilho;127,8;46.932;367,23;94,82;2,9;23194;23738;8132;10296;21176;7328
3511607;Cesário Lange;190,39;17.360;91,18;67,52;3,1;8959;8401;3264;3809;7747;2540
3511706;Charqueada;175,85;17.075;97,1;91,55;3,05;8642;8433;3294;3945;7358;2478
3511904;Clementina;168,59;8.413;49,9;96,99;2,91;4337;4076;1785;1821;3697;1110
3512001;Colina;422,3;17.606;41,69;95,46;2,9;8655;8951;3021;3753;7712;3120
3512100;Colômbia;728,65;6.048;8,3;75,38;2,94;3050;2998;1194;1343;2567;944
3512209;Conchal;182,79;27.445;150,14;96,83;3,08;13790;13655;5630;6391;11629;3795
3512308;Conchas;466,12;17.203;36,91;85,75;2,89;8583;8620;3363;3766;6945;3129
3512407;Cordeirópolis;137,58;24.615;178,91;89,82;2,94;12342;12273;4565;5509;10884;3657
3512506;Coroados;246,83;5.971;24,19;86,15;2,76;2961;3010;1001;1334;2615;1021
3512605;Coronel Macedo;303,83;4.839;15,93;82,37;2,75;2459;2380;878;1143;1892;926
3512704;Corumbataí;278,62;3.969;14,25;63,29;2,81;1992;1977;680;921;1677;691
3512803;Cosmópolis;154,67;72.215;466,9;92,87;2,93;35858;36357;13775;16908;32306;9226
3512902;Cosmorama;441,68;6.976;15,79;77,35;2,57;3475;3501;992;1322;2969;1693
3513009;Cotia;323,99;251.382;775,89;100;3,09;122984;128398;54468;60017;107122;29775
3513108;Cravinhos;311,42;34.637;111,22;98,59;3,04;17249;17388;6270;7858;15106;5403
3513207;Cristais Paulista;385,23;8.494;22,05;83,74;2,88;4297;4197;1563;1972;3574;1385
3513306;Cruzália;149,33;2.105;14,1;71,69;2,66;1017;1088;344;408;912;441
3513405;Cruzeiro;305,7;80.128;262,11;97,75;3,01;38908;41220;15235;17066;33862;13965
3513504;Cubatão;142,88;130.025;910,03;100;2,84;64526;65499;26346;29601;57565;16513
3513603;Cunha;1407,25;21.660;15,39;63,45;2,77;10973;10687;3790;5085;8804;3981
3513702;Descalvado;753,71;32.516;43,14;92,96;2,89;15969;16547;5213;6723;14557;6023
3513801;Diadema;30,73;405.596;13198,7;100;2,91;196182;209414;84486;92434;178902;49774
3513850;Dirce Reis;88,13;1.715;19,46;83,09;2,64;866;849;270;324;730;391
3513900;Divinolândia;223,75;10.865;48,56;75,99;2,85;5349;5516;1802;2134;4621;2308
3514007;Dobrada;149,73;8.985;60,01;97,77;2,8;4607;4378;1873;2114;3916;1082
3514106;Dois Córregos;632,97;27.151;42,89;96,94;3;13562;13589;5778;5795;11309;4269
3514205;Dolcinópolis;77,94;2.033;26,08;93,85;2,66;1051;982;297;424;838;474
3514304;Dourado;205,87;8.466;41,12;91,73;2,72;4250;4216;1342;1689;3660;1775
3514403;Dracena;487,69;45.088;92,45;92,95;2,82;22165;22923;6999;9322;19383;9384
3514502;Duartina;264,56;11.941;45,14;92,43;2,77;5768;6173;1952;2426;5030;2533
3514601;Dumont;111,38;9.659;86,72;98,25;2,94;4820;4839;1627;2267;4378;1387
3514700;Echaporã;515,26;6.208;12,05;83,04;2,84;3042;3166;1184;1340;2463;1221
3514809;Eldorado;1654,26;15.331;9,27;49,21;3,11;7734;7597;3591;4167;5323;2250
3514908;Elias Fausto;202,36;17.459;86,28;84,61;3,1;8973;8486;3228;4081;7709;2441
3514924;Elisiário;93,98;3.518;37,43;93,43;2,83;1824;1694;564;729;1624;601
3514957;Embaúba;83,13;2.406;28,94;89,07;2,73;1244;1162;400;460;1073;473
3515004;Embu das Artes;70,4;273.266;3881,62;100;3,09;132810;140456;62068;63559;116636;31003
3515103;Embu-Guaçu;155,64;68.565;440,54;97,33;3,05;33894;34671;13899;16722;28534;9410
3515129;Emilianópolis;225,17;3.069;13,63;88,17;2,68;1534;1535;469;624;1334;642
3515152;Engenheiro Coelho;109,94;20.884;189,96;76,45;2,87;10835;10049;4343;5192;9376;1973
3515186;Espírito Santo do Pinhal;389,24;42.639;109,54;91,43;2,91;20833;21806;6992;8837;18775;8035
3515194;Espírito Santo do Turvo;193,67;4.850;25,04;85,53;2,85;2418;2432;1008;1189;1998;655
3515202;Estrela d'Oeste;296,28;8.083;27,28;87,53;2,71;4048;4035;1268;1522;3562;1731
3515301;Estrela do Norte;264,99;2.668;10,07;87,18;2,92;1357;1311;495;618;1122;433
3515350;Euclides da Cunha Paulista;573,89;9.549;16,64;64,61;2,85;4756;4793;1882;2364;3825;1478
3515400;Fartura;429,17;15.679;36,53;83,7;2,84;7564;8115;2866;3410;6413;2990
3515509;Fernandópolis;549,8;66.131;120,28;96,94;2,68;32060;34071;9942;12887;29221;14081
3515608;Fernando Prestes;169,99;5.568;32,75;90,91;2,75;2712;2856;840;1058;2434;1236
3515657;Fernão;100,5;1.656;16,48;61,84;2,78;830;826;277;375;686;318
3515707;Ferraz de Vasconcelos;29,56;195.168;6602,44;95,51;3,02;95326;99842;41718;48670;82661;22119
3515806;Flora Rica;224,71;1.575;7,01;87,75;2,57;780;795;230;339;633;373
3515905;Floreal;204,24;2.842;13,92;85,05;2,54;1392;1450;336;521;1202;783
3516002;Flórida Paulista;524,14;12.060;23,01;78,9;3,06;6603;5457;2000;2966;5005;2089
3516101;Florínea;225,89;2.697;11,94;91,77;2,73;1303;1394;471;576;1080;570
3516200;Franca;605,68;343.801;567,63;98,24;2,9;168053;175748;64095;75741;148281;55684
3516309;Francisco Morato;49;176.346;3598,9;99,8;3,01;87289;89057;40034;45097;71644;19571
3516408;Franco da Rocha;132,78;153.903;1159,08;92,13;3,24;78282;75621;31936;40014;64194;17759
3516507;Gabriel Monteiro;138,68;2.677;19,3;89,32;2,65;1340;1337;379;479;1194;625
3516606;Gália;355,91;6.537;18,37;77,82;2,66;3232;3305;1023;1349;2713;1452
3516705;Garça;555,81;42.385;76,26;93,86;2,87;20571;21814;7238;8868;18050;8229
3516804;Gastão Vidigal;180,57;4.811;26,64;94,1;2,94;2609;2202;920;904;2233;754
3516853;Gavião Peixoto;243,77;4.627;18,98;89,86;2,87;2369;2258;863;1048;2069;647
3516903;General Salgado;494,38;10.632;21,51;88,8;2,67;5274;5358;1666;2066;4687;2213
3517000;Getulina;676,76;10.856;16,04;81,87;3,26;5890;4966;1766;2767;4481;1842
3517109;Glicério;272,8;4.762;17,46;77,36;2,91;2365;2397;879;1047;1934;902
3517208;Guaiçara;277,15;12.045;43,46;93,36;2,96;6028;6017;2349;2766;5143;1787
3517307;Guaimbê;217,81;5.547;25,47;91,47;2,9;2740;2807;1091;1269;2239;948
3517406;Guaíra;1258,47;39.154;31,11;96,89;2,76;19284;19870;6599;8222;17600;6733
3517505;Guapiaçu;325,13;21.060;64,77;91,04;2,8;10583;10477;3408;4464;9704;3484
3517604;Guapiara;408,29;17.832;43,67;42,39;3,01;9006;8826;3807;4467;6705;2853
3517703;Guará;362,18;20.907;57,73;97,67;2,92;10374;10533;4280;4922;8588;3117
3517802;Guaraçaí;569,2;8.400;14,76;82,45;2,75;4132;4268;1410;1612;3551;1827
3517901;Guaraci;641,5;11.050;17,23;93,17;2,84;5599;5451;2182;2452;4711;1705
3518008;Guarani d'Oeste;85,7;1.917;22,37;89,46;2,53;937;980;302;387;808;420
3518107;Guarantã;461,75;6.485;14,04;91,23;2,9;3246;3239;1247;1544;2629;1065
3518206;Guararapes;955,64;32.160;33,65;94,14;2,8;15761;16399;5743;6421;13995;6001
3518305;Guararema;270,82;29.736;109,8;86,05;3,05;14839;14897;6015;7085;12330;4306
3518404;Guaratinguetá;752,64;118.741;157,77;95,38;2,98;57102;61639;21606;24630;51439;21066
3518503;Guareí;567,88;15.844;27,9;57,76;3,58;9489;6355;2372;4641;6808;2023
3518602;Guariba;270,29;39.285;145,34;98,47;2,9;19684;19601;7873;8908;17422;5082
3518701;Guarujá;144,79;318.774;2201,63;99,98;3,04;155283;163491;65608;73907;136082;43177
3518800;Guarulhos;318,68;1.361.862;4273,45;100;3,02;663550;698312;284213;327148;580713;169788
3518859;Guatapará;413,57;7.482;18,09;81,02;3,01;3805;3677;1430;1785;3020;1247
3518909;Guzolândia;252,48;5.134;20,33;89,44;2,77;2590;2544;925;1166;2124;919
3519006;Herculândia;364,25;9.310;25,56;93,8;2,81;4646;4664;1744;2114;3911;1541
3519055;Holambra;65,58;14.711;224,32;85,69;3,08;7437;7274;2950;3323;6471;1967
3519071;Hortolândia;62,42;233.548;3741,56;100;3,03;117291;116257;43960;58953;103096;27539
3519105;Iacanga;547,39;11.410;20,84;88,82;2,94;5832;5578;2038;2513;4984;1875
3519204;Iacri;321,95;6.255;19,43;84,96;2,81;3159;3096;1099;1244;2630;1282
3519253;Iaras;401,38;6.943;17,3;44,49;4,24;4458;2485;1169;1840;3023;911
3519303;Ibaté;290,98;35.044;120,43;96,62;3,04;17852;17192;7074;8180;15478;4312
3519402;Ibirá;271,91;12.132;44,62;93,5;2,75;5997;6135;2117;2456;5286;2273
3519501;Ibirarema;228,23;7.570;33,17;94,04;2,85;3788;3782;1396;1857;3133;1184
3519600;Ibitinga;689,39;58.860;85,38;96,8;2,84;28929;29931;10280;12365;26631;9584
3519709;Ibiúna;1058,08;76.867;72,65;37,09;2,95;38714;38153;15184;18553;31819;11311
3519808;Icém;362,36;8.077;22,29;86,76;2,84;4098;3979;1646;1717;3511;1203
3519907;Iepê;594,97;7.943;13,35;93,13;2,86;3896;4047;1475;1714;3255;1499
3520004;Igaraçu do Tietê;97,75;24.206;247,63;99,43;3,01;12005;12201;4548;5243;10855;3560
3520103;Igarapava;468,36;29.560;63,11;95,55;2,77;14599;14961;5292;6127;13058;5083
3520202;Igaratá;292,95;9.354;31,93;86,11;2,86;4746;4608;1851;2165;3766;1572
3520301;Iguape;1978,8;29.555;14,94;87,79;2,93;14668;14887;5576;7225;11222;5532
3520400;Ilhabela;346,39;33.821;97,64;99,31;2,77;17028;16793;7125;7823;14953;3920
3520426;Ilha Comprida;196,57;10.410;52,96;100;2,8;5058;5352;2009;2464;3647;2290
3520442;Ilha Solteira;652,64;25.754;39,46;93,84;2,78;12421;13333;3962;5137;11253;5402
3520509;Indaiatuba;311,55;245.366;787,57;98,99;2,92;121414;123952;43450;54540;111953;35423
3520608;Indiana;129,37;4.771;36,88;88,39;2,71;2386;2385;808;962;2092;909
3520707;Indiaporã;279,61;3.847;13,76;90,85;2,59;1862;1985;646;697;1555;949
3520806;Inúbia Paulista;87,12;3.913;44,92;90,9;2,82;1947;1966;671;838;1692;712
3520905;Ipaussu;209,55;14.578;69,57;94,18;2,98;7312;7266;2818;3326;6108;2326
3521002;Iperó;170,29;34.800;204,36;61,71;3,2;18393;16407;6525;9517;14583;4175
3521101;Ipeúna;190,01;7.711;40,58;90,97;3;3947;3764;1470;1979;3289;973
3521150;Ipiguá;136,03;5.286;38,86;65,1;2,85;2657;2629;874;1176;2266;970
3521200;Iporanga;1152,06;4.424;3,84;66,57;3,09;2213;2211;996;1164;1593;671
3521309;Ipuã;466,46;16.001;34,3;96,88;2,84;8087;7914;3129;3714;7051;2107
3521408;Iracemápolis;115,12;23.907;207,67;98,25;2,99;11907;12000;4265;5229;10965;3448
3521507;Irapuã;257,61;7.767;30,15;92,39;2,86;4024;3743;1320;1626;3450;1371
3521606;Irapuru;214,46;7.295;34,02;70,71;3,28;4234;3061;917;2065;2845;1468
3521705;Itaberá;1100,25;17.615;16,01;76,67;2,88;8831;8784;3413;4163;6989;3050
3521804;Itaí;1092,88;26.725;24,45;78,52;3,07;14030;12695;5265;6323;11446;3691
3521903;Itajobi;502,07;14.602;29,08;88,19;2,7;7295;7307;2081;2772;6486;3263
3522000;Itaju;230,36;3.688;16,01;81,67;2,96;1906;1782;604;886;1562;636
3522109;Itanhaém;601,71;99.751;165,78;99,27;2,93;48020;51731;21349;24008;36946;17448
3522158;Itaoca;183,02;3.187;17,41;54,53;3;1652;1535;606;845;1130;606
3522208;Itapecerica da Serra;150,74;171.123;1135,22;99,17;3,15;85313;85810;38082;42333;71648;19060
3522307;Itapetininga;1789,35;161.509;90,26;92,14;3,08;80372;81137;31333;39847;66443;23886
3522406;Itapeva;1826,26;92.123;50,44;91,46;2,93;45384;46739;19407;22656;37259;12801
3522505;Itapevi;82,66;241.150;2917,37;100;3,04;118599;122551;55423;61639;99792;24296
3522604;Itapira;518,42;71.609;138,13;93,83;2,91;35266;36343;11089;14774;32126;13620
3522653;Itapirapuã Paulista;406,48;4.214;10,37;51,61;2,97;2139;2075;971;1177;1501;565
3522703;Itápolis;996,75;41.648;41,78;94;2,72;20534;21114;6596;8575;18688;7789
3522802;Itaporanga;508;14.710;28,96;81,87;2,83;7307;7403;2989;3318;5653;2750
3522901;Itapuí;140,02;13.913;99,36;97,12;2,96;6966;6947;2624;3227;5921;2141
3523008;Itapura;301,65;4.965;16,46;79,92;2,87;2532;2433;851;1210;2078;826
3523107;Itaquaquecetuba;82,62;374.997;4538,82;100;3,08;184390;190607;83237;96768;155433;39559
3523206;Itararé;1003,86;49.149;48,96;92,78;2,82;24071;25078;9806;11954;19688;7701
3523305;Itariri;273,67;17.442;63,73;71,99;2,93;8716;8726;3562;4837;6564;2479
3523404;Itatiba;322,28;119.084;369,5;87,37;2,91;58564;60520;20633;26221;54188;18042
3523503;Itatinga;979,82;20.752;21,18;93,58;3,08;10540;10212;4753;5021;8442;2536
3523602;Itirapina;564,6;17.284;30,61;92,69;3,54;10021;7263;2841;5095;7197;2151
3523701;Itirapuã;161,12;6.311;39,17;86,67;3,05;3182;3129;1201;1576;2519;1015
3523800;Itobi;138,99;7.608;54,74;94,32;2,89;3887;3721;1281;1668;3318;1341
3523909;Itu;640,72;170.938;266,79;95,22;2,97;84191;86747;32945;37313;75403;25277
3524006;Itupeva;200,82;60.255;300,04;93,85;2,98;30344;29911;12433;14127;26860;6835
3524105;Ituverava;704,66;40.333;57,24;94,15;2,77;19613;20720;6951;8490;17322;7570
3524204;Jaborandi;273,44;6.681;24,43;95,06;2,9;3351;3330;1229;1372;2921;1159
3524303;Jaboticabal;706,6;74.352;105,23;98,37;2,81;36056;38296;12161;15384;33048;13759
3524402;Jacareí;464,27;229.163;493,6;98,62;2,97;111654;117509;44733;48888;98742;36800
3524501;Jaci;145,13;7.052;48,59;91,7;2,85;3563;3489;1175;1601;3284;992
3524600;Jacupiranga;704,19;17.237;24,48;54,45;2,88;8721;8516;3525;4305;6675;2732
3524709;Jaguariúna;141,39;55.477;392,37;98,19;2,94;27353;28124;10537;12206;25086;7648
3524808;Jales;368,57;47.242;128,18;94,1;2,61;22940;24302;7101;8985;21001;10155
3524907;Jambeiro;184,41;6.272;34,01;47,88;2,9;3193;3079;1157;1493;2638;984
3525003;Jandira;17,45;124.940;7159,89;100;2,84;61104;63836;25357;29750;55665;14168
3525102;Jardinópolis;501,87;43.258;86,19;98,21;3,02;21622;21636;8193;10300;18193;6572
3525201;Jarinu;207,55;30.330;146,13;86,84;3,05;15088;15242;6031;7374;12791;4134
3525300;Jaú;687,1;148.613;216,29;97,6;2,91;72479;76134;25834;32064;65955;24760
3525409;Jeriquara;141,97;3.141;22,12;87,42;2,83;1602;1539;611;760;1314;456
3525508;Joanópolis;374,29;12.720;33,98;100;2,74;6359;6361;2170;2705;5471;2374
3525607;João Ramalho;415,45;4.404;10,6;89,31;2,84;2234;2170;850;1027;1913;614
3525706;José Bonifácio;860,2;36.229;42,12;92,45;2,84;17991;18238;6153;7959;16066;6051
3525805;Júlio Mesquita;128,18;4.658;36,34;95,47;2,9;2263;2395;886;1148;1841;783
3525854;Jumirim;56,69;3.343;58,97;66,53;2,84;1714;1629;547;792;1518;486
3525904;Jundiaí;431,21;409.439;949,51;97,17;2,86;199858;209581;71537;81019;184658;72225
3526001;Junqueirópolis;582,57;20.174;34,63;85,32;3,04;10562;9612;3232;4572;8575;3795
3526100;Juquiá;812,8;18.856;23,2;65,6;2,93;9413;9443;3923;4833;6898;3202
3526209;Juquitiba;522,17;30.579;58,56;86,48;2,92;15334;15245;6670;7616;12026;4267
3526308;Lagoinha;255,47;4.821;18,87;71,56;2,62;2425;2396;781;1126;1912;1002
3526407;Laranjal Paulista;384,27;28.042;72,97;90,66;2,92;13786;14256;5127;6138;11844;4933
3526506;Lavínia;537,68;8.476;15,76;48,81;4,65;5984;2492;766;2878;3771;1061
3526605;Lavrinhas;167,07;7.218;43,2;94,24;3,11;3607;3611;1588;1732;2958;940
3526704;Leme;402,87;101.693;252,42;98,23;2,91;50701;50992;19499;22933;44446;14815
3526803;Lençóis Paulista;809,54;66.695;82,39;98,24;2,97;32947;33748;11940;14893;29621;10241
3526902;Limeira;580,71;297.662;512,58;97,71;2,9;145861;151801;50862;62979;133440;50381
3527009;Lindóia;48,76;7.789;159,74;100;2,74;3833;3956;1332;1729;3414;1314
3527108;Lins;570,06;75.318;132,12;98,83;2,84;36535;38783;12608;15687;33131;13892
3527207;Lorena;414,16;86.952;209,95;97,58;2,98;41994;44958;17030;18742;36349;14831
3527256;Lourdes;113,94;2.183;19,16;86,03;2,68;1132;1051;303;456;970;454
3527306;Louveira;55,13;48.965;888,17;97,7;2,91;24666;24299;10037;10788;23062;5078
3527405;Lucélia;314,81;21.092;67;87,53;2,97;11058;10034;3375;4369;9460;3888
3527504;Lucianópolis;189,54;2.264;11,94;81,71;2,91;1116;1148;409;527;877;451
3527603;Luís Antônio;598,26;14.358;24;98,66;2,98;7383;6975;2825;3695;6216;1622
3527702;Luiziânia;166,58;5.813;34,9;94,77;2,93;2999;2814;1094;1285;2549;885
3527801;Lupércio;155,17;4.428;28,54;95,05;2,96;2142;2286;883;1022;1758;765
3527900;Lutécia;475,23;2.615;5,5;84,21;2,67;1294;1321;470;567;1069;509
3528007;Macatuba;224,51;16.981;75,64;97,84;3,12;8487;8494;3315;3771;7218;2677
3528106;Macaubal;248,09;7.738;31,19;90,86;2,59;3873;3865;1119;1447;3403;1769
3528205;Macedônia;327,57;3.562;10,87;79,9;2,63;1763;1799;496;719;1492;855
3528304;Magda;312,28;3.076;9,85;85,76;2,59;1559;1517;479;554;1309;734
3528403;Mairinque;210,15;46.569;221,6;80,26;2,97;23054;23515;9470;10603;19594;6902
3528502;Mairiporã;320,7;100.034;311,92;92,54;3,13;50155;49879;18524;24982;42710;13818
3528601;Manduri;229,05;9.562;41,75;92,66;2,82;4735;4827;1693;2109;4062;1698
3528700;Marabá Paulista;919,52;4.942;5,37;44,52;3,58;3088;1854;673;1612;1934;723
3528809;Maracaí;533,5;13.526;25,35;92,61;2,73;6703;6823;2447;2826;5829;2424
3528858;Marapoama;111,27;2.925;26,29;90,43;2,68;1485;1440;445;608;1299;573
3528908;Mariápolis;186,54;3.979;21,33;86,15;2,72;2029;1950;708;809;1706;756
3529005;Marília;1170,52;232.599;198,71;95,51;2,85;112167;120432;39352;49230;101879;42138
3529104;Marinópolis;77,83;2.096;26,93;82,68;2,76;1058;1038;327;456;896;417
3529203;Martinópolis;1253,56;25.778;20,56;87,18;2,95;13298;12480;4366;6185;10744;4483
3529302;Matão;524,9;80.174;152,74;98,17;2,86;39486;40688;13526;16332;36345;13971
3529401;Mauá;61,91;463.338;7484,06;100;2,9;226284;237054;87418;108979;206471;60470
3529500;Mendonça;195,15;5.069;25,97;87,35;2,67;2549;2520;712;1092;2309;956
3529609;Meridiano;228,2;3.725;16,32;72,72;2,74;1795;1930;555;725;1645;800
3529658;Mesópolis;148,64;1.893;12,74;86,95;2,72;941;952;354;400;765;374
3529708;Miguelópolis;820,85;21.500;26,19;95,6;2,81;10666;10834;4208;4812;9138;3342
3529807;Mineiros do Tietê;213,24;12.641;59,28;95,53;2,95;6264;6377;2386;2860;5277;2118
3529906;Miracatu;1001,48;19.961;19,93;54,27;3,03;9902;10059;4712;5063;7166;3020
3530003;Mira Estrela;216,83;2.949;13,6;66,7;2,5;1449;1500;422;651;1190;686
3530102;Mirandópolis;917,69;28.715;31,29;91,53;3,18;15563;13152;4515;6233;12686;5281
3530201;Mirante do Paranapanema;1238,93;17.831;14,39;58,89;2,8;8930;8901;3033;4067;7251;3480
3530300;Mirassol;243,23;58.112;238,92;97,47;2,78;28497;29615;9327;11852;26464;10469
3530409;Mirassolândia;166,13;4.736;28,51;81,31;2,82;2399;2337;824;1052;1995;865
3530508;Mococa;855,16;66.719;78,02;95,22;2,92;33050;33669;11226;14036;28571;12886
3530607;Mogi das Cruzes;712,54;436.883;613,13;92,81;2,98;212588;224295;86165;101831;185626;63261
3530706;Mogi Guaçu;812,75;149.071;183,42;96,02;2,93;73538;75533;26436;31738;66057;24840
3530805;Mogi Mirim;497,71;90.657;182,15;95,89;2,87;44400;46257;15250;18451;40184;16772
3530904;Mombuca;133,7;3.338;24,97;88,95;3,09;1685;1653;676;770;1401;491
3531001;Monções;104,35;2.173;20,82;87,34;2,67;1102;1071;336;374;962;501
3531100;Mongaguá;143,21;55.216;385,56;99,56;3,05;27287;27929;11323;13890;20584;9419
3531209;Monte Alegre do Sul;110,31;7.792;70,64;62,8;2,79;3882;3910;1225;1631;3398;1538
3531308;Monte Alto;346,95;48.469;139,7;97;2,8;23772;24697;7585;9573;21754;9557
3531407;Monte Aprazível;495,56;23.561;47,54;92,95;2,72;11605;11956;3707;4617;10683;4554
3531506;Monte Azul Paulista;263,46;18.131;68,82;95,49;2,79;9001;9130;3042;3697;7941;3451
3531605;Monte Castelo;233,55;3.985;17,06;83,99;2,64;1951;2034;549;824;1657;955
3531704;Monteiro Lobato;332,74;4.491;13,5;44,53;2,79;2308;2183;746;1098;1804;843
3531803;Monte Mor;240,57;60.555;251,71;95,63;3,02;30090;30465;12484;14786;25916;7369
3531902;Morro Agudo;1388,13;32.603;23,49;97,68;2,9;16550;16053;6885;7345;14238;4135
3532009;Morungaba;146,75;13.359;91,03;90,49;3,02;6654;6705;2571;3002;5797;1989
3532058;Motuca;228,7;4.665;20,4;80,51;2,77;2338;2327;826;1038;2031;770
3532108;Murutinga do Sul;250,87;4.283;17,07;61,48;2,69;2109;2174;560;916;1803;1004
3532157;Nantes;286,65;3.103;10,83;95,91;2,86;1544;1559;631;778;1287;407
3532207;Narandiba;357,33;4.888;13,68;82,02;2,9;2458;2430;1033;1176;2009;670
3532306;Natividade da Serra;833,37;6.703;8,04;42,53;2,6;3435;3268;1242;1457;2543;1461
3532405;Nazaré Paulista;326,25;18.611;57,05;96,89;2,93;9472;9139;3570;4327;7694;3020
3532504;Neves Paulista;219,05;8.592;39,22;92,14;2,67;4236;4356;1104;1495;3962;2031
3532603;Nhandeara;436,16;10.760;24,67;84,27;2,66;5252;5508;1453;1920;4803;2584
3532702;Nipoã;137,61;5.014;36,44;90,91;2,75;2615;2399;929;1074;2313;698
3532801;Nova Aliança;217,52;6.487;29,82;87,7;2,73;3203;3284;1074;1394;2796;1223
3532827;Nova Campina;385,38;9.787;25,4;80,25;3,05;4958;4829;2247;2768;3739;1033
3532843;Nova Canaã Paulista;124,47;1.921;15,43;51,43;2,63;968;953;245;344;765;567
3532868;Nova Castilho;183,4;1.180;6,43;80,85;2,71;574;606;214;263;484;219
3532900;Nova Europa;160,25;10.863;67,79;95,08;2,9;5351;5512;2103;2532;4738;1490
3533007;Nova Granada;531,8;21.054;39,59;93,7;2,76;10569;10485;3638;4532;9307;3577
3533106;Nova Guataporanga;34,16;2.192;64,17;90,15;2,66;1091;1101;323;475;877;517
3533205;Nova Independência;265,03;3.774;14,24;85,48;2,87;1868;1906;742;921;1602;509
3533254;Novais;117,77;5.575;47,34;93,33;2,93;2963;2612;1166;1319;2462;628
3533304;Nova Luzitânia;73,82;4.083;55,31;93,8;2,76;2124;1959;719;889;1831;644
3533403;Nova Odessa;73,79;58.490;792,65;98,37;2,88;28905;29585;9958;12770;26643;9119
3533502;Novo Horizonte;931,74;39.124;41,99;93,8;2,72;19442;19682;6715;8256;17019;7134
3533601;Nuporanga;348,27;7.297;20,95;95,56;2,8;3628;3669;1221;1564;3198;1314
3533700;Ocauçu;301,04;4.143;13,76;86,89;2,75;2091;2052;761;883;1692;807
3533809;Óleo;198,94;2.517;12,65;72,51;2,72;1244;1273;431;557;923;606
3533908;Olímpia;802,56;52.670;65,63;95,57;2,82;25870;26800;9044;10654;23125;9847
3534005;Onda Verde;242,95;4.250;17,49;85,62;2,92;2166;2084;758;994;1849;649
3534104;Oriente;218,67;6.275;28,7;95,14;2,87;3052;3223;1035;1290;2702;1248
3534203;Orindiúva;247,38;6.951;28,1;93,35;2,76;3505;3446;1326;1627;3194;804
3534302;Orlândia;291,77;42.436;145,44;97,42;2,96;20768;21668;7643;8960;18771;7062
3534401;Osasco;64,95;682.876;10513,87;100;2,97;328742;354134;135267;150451;300631;96527
3534500;Oscar Bressane;222,13;2.508;11,29;88;2,71;1201;1307;402;458;1030;618
3534609;Osvaldo Cruz;248,04;31.256;126,01;91,41;2,84;15560;15696;4511;6920;13017;6808
3534708;Ourinhos;295,82;111.039;375,36;97,42;2,86;53845;57194;20823;23760;47120;19336
3534757;Ouroeste;288,65;9.871;34,2;93,3;2,76;4876;4995;1780;2202;4303;1586
3534807;Ouro Verde;266,78;8.306;31,13;94,32;2,77;4086;4220;1628;1870;3429;1379
3534906;Pacaembu;339,38;13.041;38,43;73,68;3,38;7592;5449;1687;3381;5497;2476
3535002;Palestina;697,7;12.220;17,51;86,24;2,69;6146;6074;1956;2497;5423;2344
3535101;Palmares Paulista;82,13;13.154;160,16;97,12;2,88;6956;6198;2538;3073;6230;1313
3535200;Palmeira d'Oeste;318,74;9.092;28,52;81,82;2,67;4513;4579;1284;1807;3769;2232
3535309;Palmital;548,41;21.609;39,4;94,72;2,75;10514;11095;3845;4323;8918;4523
3535408;Panorama;356,05;15.253;42,84;97,86;2,79;7571;7682;2991;3574;6288;2400
3535507;Paraguaçu Paulista;1001,49;44.310;44,24;90,62;2,93;22163;22147;8112;10012;18871;7315
3535606;Paraibuna;809,58;18.304;22,61;30,15;2,94;9190;9114;3755;4105;7341;3103
3535705;Paraíso;155,19;6.293;40,55;91,23;2,8;3195;3098;1079;1310;2759;1145
3535804;Paranapanema;1018,72;20.151;19,78;86,49;2,86;10171;9980;4000;5029;8331;2791
3535903;Paranapuã;140,35;3.895;27,75;91,84;2,64;1980;1915;579;870;1644;802
3536000;Parapuã;366,66;10.473;28,56;86,51;2,68;5292;5181;1563;2153;4466;2291
3536109;Pardinho;209,89;6.467;30,81;89,21;3,02;3260;3207;1413;1572;2542;940
3536208;Pariquera-Açu;359,41;19.311;53,73;70,9;2,99;9498;9813;4025;4577;7699;3010
3536257;Parisi;84,74;2.053;24,23;83,97;2,6;1036;1017;308;389;894;462
3536307;Patrocínio Paulista;602,85;14.592;24,21;85,47;3;7339;7253;3001;3337;5965;2289
3536406;Paulicéia;374,09;7.213;19,28;89,57;2,92;3703;3510;1405;1752;3026;1030
3536505;Paulínia;138,78;106.781;769,43;99,91;3,03;52694;54087;21077;24106;48203;13395
3536570;Paulistânia;256,18;1.769;6,91;78,8;2,79;905;864;268;415;755;331
3536604;Paulo de Faria;737,99;8.520;11,54;91,82;2,68;4260;4260;1549;1859;3640;1472
3536703;Pederneiras;728,74;45.877;62,95;93;3;22846;23031;8491;10878;19622;6886
3536802;Pedra Bela;158,59;5.974;37,67;29,08;2,85;3093;2881;1033;1293;2484;1164
3536901;Pedranópolis;260,1;2.412;9,27;64,1;2,62;1237;1175;324;473;1011;604
3537008;Pedregulho;712,6;16.319;22,9;74,87;2,9;8224;8095;3238;3625;6819;2637
3537107;Pedreira;108,82;46.908;431,06;99,16;2,93;23155;23753;8096;9921;21528;7363
3537156;Pedrinhas Paulista;152,31;3.015;19,8;87,33;2,87;1490;1525;461;650;1301;603
3537206;Pedro de Toledo;670,44;11.055;16,49;70,85;2,9;5504;5551;2290;2855;4061;1849
3537305;Penápolis;711,32;60.902;85,62;96,97;2,82;29617;31285;10316;12553;26224;11809
3537404;Pereira Barreto;974,25;25.411;26,08;93,68;2,84;12409;13002;4659;5315;10827;4610
3537503;Pereiras;223,14;8.507;38,12;66,78;2,85;4302;4205;1586;1975;3496;1450
3537602;Peruíbe;326,22;66.747;204,61;99,43;3;32364;34383;15517;15482;24352;11396
3537701;Piacatu;232,49;5.936;25,53;92,33;2,97;2968;2968;1036;1320;2539;1041
3537800;Piedade;746,87;53.656;71,84;47,3;3,03;27066;26590;10040;12218;22371;9027
3537909;Pilar do Sul;681,25;28.355;41,62;83,65;3,05;14295;14060;5913;6651;11415;4376
3538006;Pindamonhangaba;730;164.753;225,69;97,33;3,03;80825;83928;31374;37840;70696;24843
3538105;Pindorama;184,83;16.331;88,36;94,65;2,87;8271;8060;2652;3400;7303;2976
3538204;Pinhalzinho;154,53;14.877;96,27;50,46;2,85;7395;7482;2444;3432;6071;2930
3538303;Piquerobi;482,77;3.532;7,32;80,1;2,66;1718;1814;580;753;1493;706
3538501;Piquete;176;13.621;77,39;93,84;2,9;6590;7031;2365;2855;5623;2778
3538600;Piracaia;385,57;26.379;68,42;100;2,89;13033;13346;4729;5823;11296;4531
3538709;Piracicaba;1378,07;391.464;284,07;98,2;2,89;191202;200262;67836;81566;174990;67072
3538808;Piraju;504,59;28.552;56,58;92,32;2,8;13824;14728;5084;6214;11688;5566
3538907;Pirajuí;823,76;23.274;28,25;82,06;3,21;12694;10580;3558;6079;9671;3966
3539004;Pirangi;215,81;10.825;50,16;92,13;2,84;5426;5399;1654;2128;4833;2210
3539103;Pirapora do Bom Jesus;108,49;19.139;176,41;100;3,09;9424;9715;4036;5366;7792;1945
3539202;Pirapozinho;477,67;27.425;57,41;95,99;2,9;13378;14047;5035;6136;11777;4477
3539301;Pirassununga;727,12;73.921;101,66;93,83;2,79;36029;37892;12332;15375;32318;13896
3539400;Piratininga;402,41;13.305;33,06;87,73;3;6556;6749;2227;2956;5691;2431
3539509;Pitangueiras;430,64;38.852;90,22;97,59;2,9;19688;19164;8003;9177;16708;4964
3539608;Planalto;289,83;5.221;18,01;89,04;2,91;2687;2534;1115;1153;2214;739
3539707;Platina;327,48;3.528;10,77;82,99;2,84;1817;1711;735;804;1401;588
3539806;Poá;17,26;116.289;6737,49;98,42;3,09;56471;59818;24739;26287;49353;15910
3539905;Poloni;135,12;5.681;42,04;89,02;2,75;2794;2887;968;1077;2477;1159
3540002;Pompéia;784,67;21.384;27,25;93,82;2,82;10478;10906;3450;4534;9539;3861
3540101;Pongaí;183,4;3.340;18,21;88,38;2,61;1684;1656;465;627;1439;809
3540200;Pontal;356,37;49.889;139,99;99,04;2,95;26261;23628;10405;12021;22627;4836
3540259;Pontalinda;209,53;4.515;21,55;87,93;2,77;2358;2157;859;987;1972;697
3540309;Pontes Gestal;217,51;2.530;11,63;89,29;2,74;1239;1291;437;524;1041;528
3540408;Populina;315,94;3.977;12,59;84,13;2,55;1979;1998;608;794;1635;940
3540507;Porangaba;265,69;9.380;35,3;48,28;2,77;4742;4638;1575;2188;3737;1880
3540606;Porto Feliz;556,71;51.907;93,24;87,35;2,97;25909;25998;9361;11353;22821;8372
3540705;Porto Ferreira;244,91;54.274;221,61;98,21;2,9;26764;27510;9698;11285;24001;9290
3540754;Potim;44,47;20.815;468,07;75,83;3,62;11606;9209;3653;6173;8732;2257
3540804;Potirendaba;342,49;16.677;48,69;92,15;2,82;8443;8234;2706;3273;7523;3175
3540853;Pracinha;63,05;2.921;46,33;47,89;5,3;2098;823;302;1255;1069;295
3540903;Pradópolis;167,38;21.167;126,46;93,34;3;10716;10451;4100;4733;9503;2831
3541000;Praia Grande;149,25;321.008;2150,81;100;2,9;154106;166902;64090;76424;131904;48590
3541059;Pratânia;175,1;5.210;29,75;82,02;2,93;2677;2533;1028;1327;2198;657
3541109;Presidente Alves;286,64;4.011;13,99;88,38;2,73;1986;2025;682;810;1725;794
3541208;Presidente Bernardes;749,23;13.713;18,3;84,2;2,71;6686;7027;1950;2765;5956;3042
3541307;Presidente Epitácio;1260,28;42.484;33,71;94,02;2,8;20655;21829;7866;9368;18057;7193
3541406;Presidente Prudente;560,64;221.938;395,87;97,96;2,77;106693;115245;37655;46077;97767;40439
3541505;Presidente Venceslau;755,2;37.981;50,29;97,1;2,78;18934;19047;5813;7809;16836;7523
3541604;Promissão;779,2;40.001;51,34;86,14;2,97;19773;20228;7673;9023;16955;6350
3541653;Quadra;205,67;3.745;18,21;25,93;2,85;1941;1804;652;883;1549;661
3541703;Quatá;651,34;14.025;21,53;95,03;2,89;6975;7050;2777;3157;5968;2123
3541802;Queiroz;234,91;3.319;14,13;90,3;2,84;1686;1633;637;875;1386;421
3541901;Queluz;249,4;12.735;51,06;82,02;3,34;6468;6267;2414;2971;5600;1750
3542008;Quintana;318,94;6.539;20,5;92,52;2,77;3221;3318;1111;1405;2839;1184
3542107;Rafard;121,65;9.014;74,1;90,3;3,12;4448;4566;1791;1880;3919;1424
3542206;Rancharia;1587,5;28.855;18,18;92;2,76;14113;14742;5048;6260;12301;5246
3542305;Redenção da Serra;309,44;3.834;12,39;73,58;2,79;1973;1861;697;890;1467;780
3542404;Regente Feijó;263,28;19.556;74,28;94,04;2,8;9642;9914;3281;4139;8580;3556
3542503;Reginópolis;410,41;7.204;17,55;59,56;3,82;4581;2623;869;2877;2405;1053
3542602;Registro;722,2;54.270;75,15;88,77;2,95;26554;27716;10899;12704;21964;8703
3542701;Restinga;245,75;7.575;30,82;82,77;3,24;3782;3793;1751;1832;3010;982
3542800;Ribeira;335,76;3.240;9,65;46,64;2,94;1646;1594;650;807;1139;644
3542909;Ribeirão Bonito;471,55;13.033;27,64;94,8;2,91;6520;6513;2747;2894;5446;1946
3543006;Ribeirão Branco;697,5;17.683;25,35;60,15;2,96;9050;8633;3808;4898;6694;2283
3543105;Ribeirão Corrente;148,33;4.698;31,67;83,08;2,89;2405;2293;962;1126;1935;675
3543204;Ribeirão do Sul;203,21;4.351;21,41;82,56;2,86;2163;2188;715;925;1801;910
3543238;Ribeirão dos Índios;196,45;2.135;10,87;88,95;2,67;1050;1085;310;430;881;514
3543253;Ribeirão Grande;333,36;7.515;22,54;31,71;2,96;3789;3726;1498;1745;3076;1196
3543303;Ribeirão Pires;99,08;119.339;1204,47;100;2,95;58326;61013;20848;24645;53695;20151
3543402;Ribeirão Preto;650,92;688.894;1058,34;99,72;2,78;331439;357455;117929;144432;312302;114231
3543501;Riversul;385,88;5.686;14,74;75,75;2,8;2786;2900;1139;1334;2085;1128
3543600;Rifaina;162,51;3.470;21,35;88,88;2,69;1731;1739;555;752;1477;686
3543709;Rincão;316,64;10.506;33,18;82,58;2,96;5259;5247;2019;2412;4390;1685
3543808;Rinópolis;358,48;9.700;27,06;91,97;2,76;4868;4832;1557;1929;4045;2169
3543907;Rio Claro;498,42;202.289;405,86;97,84;2,81;98367;103922;33899;42144;91171;35075
3544004;Rio das Pedras;226,66;34.768;153,39;97,9;2,98;17506;17262;6647;8018;15685;4418
3544103;Rio Grande da Serra;36,34;50.313;1384,51;100;2,87;24816;25497;9854;12256;22084;6119
3544202;Riolândia;631,9;11.501;18,2;79,11;3,28;6450;5051;2116;2930;4952;1503
3544251;Rosana;744,01;18.320;24,62;96,72;2,77;8996;9324;3261;4384;7437;3238
3544301;Roseira;130,65;10.723;82,07;96,08;3,02;5389;5334;2159;2417;4623;1524
3544400;Rubiácea;236,48;3.138;13,27;60,52;2,8;1581;1557;540;744;1411;443
3544509;Rubinéia;242,88;2.996;12,34;88,08;2,71;1466;1530;440;621;1201;734
3544608;Sabino;305,29;5.485;17,97;91,56;2,82;2723;2762;1021;1155;2184;1125
3544707;Sagres;147,94;2.362;15,97;84,89;2,77;1165;1197;391;532;924;515
3544806;Sales;308,56;6.082;19,71;93,19;2,78;3054;3028;1048;1320;2524;1190
3544905;Sales Oliveira;305,78;11.580;37,87;94,46;2,92;5716;5864;1928;2490;5051;2111
3545001;Salesópolis;425;16.945;39,87;66,62;3,1;8457;8488;3709;3940;6706;2590
3545100;Salmourão;172,93;5.138;29,71;94,45;2,79;2615;2523;875;1205;2117;941
3545159;Saltinho;99,74;7.898;79,19;83,95;2,9;3902;3996;1128;1654;3600;1516
3545209;Salto;133,06;116.089;872,46;99,3;2,92;57226;58863;20667;25672;52110;17640
3545308;Salto de Pirapora;280,51;44.522;158,72;78,75;3,16;22023;22499;8870;10394;18457;6801
3545407;Salto Grande;188,44;9.125;48,42;92,28;2,85;4497;4628;1796;2049;3625;1655
3545506;Sandovalina;455,86;4.257;9,34;80,9;3;2152;2105;883;1067;1732;575
3545605;Santa Adélia;330,27;14.929;45,2;94,61;2,79;7460;7469;2555;3171;6557;2646
3545704;Santa Albertina;272,69;5.657;20,75;89,43;2,59;2835;2822;756;1120;2460;1321
3545803;Santa Bárbara d'Oeste;271,03;189.330;698,56;99,22;2,87;93482;95848;31438;38031;87156;32705
3546009;Santa Branca;272,24;14.212;52,2;88,21;2,89;7039;7173;2501;3154;6011;2546
3546108;Santa Clara d'Oeste;183,46;1.998;10,89;80,93;2,73;1024;974;299;410;834;455
3546207;Santa Cruz da Conceição;150,13;4.372;29,12;79,03;2,77;2146;2226;659;969;1864;880
3546256;Santa Cruz da Esperança;148,06;2.086;14,09;68,94;2,92;1025;1061;390;502;811;383
3546306;Santa Cruz das Palmeiras;295,34;34.031;115,23;97,88;2,91;17193;16838;6572;7658;14905;4896
3546405;Santa Cruz do Rio Pardo;1114,75;46.276;41,51;93,99;2,87;22592;23684;8599;9934;19177;8566
3546504;Santa Ernestina;134,42;5.527;41,12;96,36;2,85;2829;2698;1017;1223;2529;758
3546603;Santa Fé do Sul;206,54;30.897;149,59;96,06;2,67;14813;16084;4678;6210;13633;6376
3546702;Santa Gertrudes;98,29;26.572;270,34;98,94;2,83;13384;13188;5318;6249;12134;2871
3546801;Santa Isabel;363,33;55.436;152,58;81,43;2,95;27521;27915;11106;12571;23360;8399
3546900;Santa Lúcia;154,03;8.590;55,77;95,97;3,01;4265;4325;1811;1895;3695;1189
3547007;Santa Maria da Serra;252,62;6.208;24,57;91,14;2,91;3113;3095;1328;1453;2601;826
3547106;Santa Mercedes;166,75;2.814;16,88;91,79;2,73;1392;1422;484;663;1150;517
3547205;Santana da Ponte Pensa;129,89;1.497;11,53;74,62;2,53;753;744;173;243;629;452
3547304;Santana de Parnaíba;179,95;140.616;781,42;100;3,04;69272;71344;28410;34809;59864;17533
3547403;Santa Rita d'Oeste;209,8;2.389;11,39;79,57;2,59;1181;1208;310;429;971;679
3547502;Santa Rita do Passa Quatro;754,14;26.355;34,95;92,16;2,8;12742;13613;4133;4934;11250;6038
3547601;Santa Rosa de Viterbo;288,58;25.732;89,17;96,3;2,9;12650;13082;4448;5586;11143;4555
3547650;Santa Salete;79,19;1.438;18,16;72,81;2,63;726;712;189;270;617;362
3547700;Santo Anastácio;552,88;20.106;36,37;94,38;2,79;9770;10336;3452;4155;8425;4074
3547809;Santo André;175,78;694.681;3951,99;100;2,87;333750;360931;119724;139569;308468;126920
3547908;Santo Antônio da Alegria;310,31;6.661;21,47;75,45;2,75;3400;3261;1105;1459;2816;1281
3548005;Santo Antônio de Posse;154,13;23.027;149,4;95,84;2,9;11525;11502;4278;5390;10082;3277
3548054;Santo Antônio do Aracanguá;1308,43;8.297;6,34;87,6;2,77;4180;4117;1376;1815;3756;1350
3548104;Santo Antônio do Jardim;109,96;5.823;52,96;65,89;2,92;2967;2856;928;1205;2496;1194
3548203;Santo Antônio do Pinhal;133,01;6.643;49,94;70,83;2,92;3308;3335;1280;1568;2699;1096
3548302;Santo Expedito;94,47;2.986;31,61;93,67;2,7;1489;1497;491;663;1232;600
3548401;Santópolis do Aguapeí;128,03;4.698;36,69;97,62;2,8;2365;2333;912;1035;2035;716
3548500;Santos;281,03;429.513;1528,35;99,93;2,77;198398;231115;70299;80709;181299;97206
3548609;São Bento do Sapucaí;252,58;10.539;41,73;51,97;2,83;5258;5281;1743;2339;4371;2086
3548708;São Bernardo do Campo;409,53;815.109;1990,35;98,4;2,86;394025;421084;148732;173086;366091;127200
3548807;São Caetano do Sul;15,33;151.111;9857,21;100;2,76;70267;80844;22109;25564;67643;35795
3548906;São Carlos;1136,91;244.036;214,65;95,99;2,78;119495;124541;40573;50324;110794;42345
3549003;São Francisco;75,58;2.667;35,29;82,53;2,66;1323;1344;411;555;1078;623
3549102;São João da Boa Vista;516,4;87.537;169,51;97,45;2,74;42384;45153;13661;17703;39028;17145
3549201;São João das Duas Pontes;129,46;2.466;19,05;77,13;2,7;1211;1255;382;530;1048;506
3549250;São João de Iracema;178,4;1.853;10,39;89,85;2,72;926;927;310;397;781;365
3549300;São João do Pau d'Alho;117,67;1.973;16,77;86,87;2,66;969;1004;264;391;783;535
3549409;São Joaquim da Barra;410,86;50.553;123,04;98,24;2,89;24713;25840;9083;10674;22398;8398
3549508;São José da Bela Vista;276,95;8.762;31,64;91,41;2,95;4455;4307;1822;2154;3545;1241
3549607;São José do Barreiro;570,69;4.073;7,14;79,79;2,82;2026;2047;763;982;1605;723
3549706;São José do Rio Pardo;419,68;53.277;126,95;92,45;2,94;26120;27157;9038;10800;22804;10635
3549805;São José do Rio Preto;431,94;450.361;1042,65;93,93;2,71;216998;233363;73023;88588;206604;82146
3549904;São José dos Campos;1099,41;716.688;651,88;97,97;2,97;350251;366437;139245;153961;315178;108304
3549953;São Lourenço da Serra;186,46;15.721;84,31;93,24;2,9;7884;7837;3074;3856;6588;2203
3550001;São Luiz do Paraitinga;617,32;10.584;17,15;60,01;2,76;5356;5228;1915;2293;4337;2039
3550100;São Manuel;650,73;39.678;60,97;98,7;2,99;19361;20317;7277;8689;17149;6563
3550209;São Miguel Arcanjo;930,34;32.115;34,52;77,57;2,95;16221;15894;6608;7616;12962;4929
3550308;São Paulo;1521,11;11.914.851;7833;99,1;2,87;5675546;6239305;2255626;2501618;5246016;1911591
3550407;São Pedro;611,28;34.408;56,29;87,29;2,8;16684;17724;5840;7784;14341;6443
3550506;São Pedro do Turvo;731,22;7.389;10,11;78,44;2,79;3745;3644;1446;1731;2908;1304
3550605;São Roque;306,91;88.032;286,83;96,98;3;43025;45007;15479;19376;38313;14864
3550704;São Sebastião;402,4;88.156;219,08;98,87;2,77;43638;44518;18466;20686;38464;10540
3550803;São Sebastião da Grama;252,41;11.929;47,26;71,62;2,9;6070;5859;2040;2628;5068;2193
3550902;São Simão;617,25;14.891;24,12;92,53;2,91;7320;7571;2619;3281;6264;2727
3551009;São Vicente;148,1;360.262;2432,56;99,81;2,95;173390;186872;70833;80133;153470;55826
3551108;Sarapuí;352,59;10.206;28,95;81,01;2,9;5115;5091;1968;2604;4112;1522
3551207;Sarutaiá;141,61;3.652;25,79;86,77;2,92;1835;1817;725;883;1392;652
3551306;Sebastianópolis do Sul;167,85;3.304;19,68;85,9;2,6;1652;1652;483;628;1507;686
3551405;Serra Azul;283,14;12.381;43,73;71,22;3,98;7383;4998;2058;3514;5331;1478
3551504;Serrana;126,05;44.870;355,97;99,46;3,01;22373;22497;9339;10610;19671;5250
3551603;Serra Negra;203,73;27.486;134,91;87,12;2,8;13292;14194;4333;5520;11831;5802
3551702;Sertãozinho;403,09;123.148;305,51;99,55;2,94;60978;62170;22895;26427;55815;18011
3551801;Sete Barras;1062,7;12.643;11,9;73,68;2,99;6375;6268;2841;3118;4574;2110
3551900;Severínia;140,46;17.263;122,9;96,66;2,89;8864;8399;3273;4056;7637;2297
3552007;Silveiras;414,78;6.240;15,04;54,23;2,91;3130;3110;1187;1481;2519;1053
3552106;Socorro;449,03;38.896;86,62;71,93;2,8;19229;19667;6306;7831;16614;8145
3552205;Sorocaba;450,38;663.739;1473,73;98,98;2,94;324558;339181;120652;146393;296275;100419
3552304;Sud Mennucci;594,74;7.728;12,99;86,17;2,76;3866;3862;1466;1632;3329;1301
3552403;Sumaré;153,47;286.462;1866,57;98,82;2,88;141625;144837;55626;65526;128854;36456
3552502;Suzano;206,24;293.464;1422,92;96,48;3,09;143602;149862;60703;69853;124127;38781
3552551;Suzanápolis;330,59;3.990;12,07;66,74;2,91;2028;1962;773;928;1625;664
3552601;Tabapuã;345,79;11.918;34,47;93,75;2,75;5962;5956;1934;2336;5356;2292
3552700;Tabatinga;368,6;15.996;43,4;90,7;2,85;8166;7830;2934;3566;7056;2440
3552809;Taboão da Serra;20,39;287.155;14083,13;100;3,04;137912;149243;63225;64400;125260;34270
3552908;Taciba;607,27;6.081;10,01;88,14;2,83;3018;3063;1070;1388;2618;1005
3553005;Taguaí;145,33;13.503;92,91;71,64;3,08;6705;6798;2935;3199;5604;1765
3553104;Taiaçu;107,06;6.048;56,49;93,44;2,85;3013;3035;998;1379;2610;1061
3553203;Taiúva;132,46;6.265;47,3;94,06;2,53;3586;2679;782;1584;2730;1169
3553302;Tambaú;561,79;22.846;40,67;91,58;2,96;11296;11550;4290;4917;9460;4179
3553401;Tanabi;747,22;25.147;33,65;93,23;2,7;12538;12609;3956;4852;11171;5168
3553500;Tapiraí;755,1;7.705;10,2;75,48;3,02;3850;3855;1623;2027;2862;1193
3553609;Tapiratiba;221,89;12.602;56,79;90,12;2,94;6184;6418;2067;2833;5361;2341
3553658;Taquaral;53,89;2.753;51,09;96,77;2,88;1382;1371;471;605;1159;518
3553708;Taquaritinga;594,34;54.531;91,75;96,28;2,79;26806;27725;9648;11527;23577;9779
3553807;Taquarituba;448,52;23.246;51,83;91,41;2,93;11564;11682;4604;5182;9540;3920
3553856;Taquarivaí;231,79;5.803;25,04;58,42;3,09;2894;2909;1281;1560;2288;674
3553906;Tarabai;201,39;7.327;36,38;94,14;2,91;3629;3698;1419;1795;3093;1020
3553955;Tarumã;302,91;14.951;49,36;95,22;2,89;7584;7367;3048;3424;6517;1962
3554003;Tatuí;523,75;121.202;231,41;97,27;2,99;59697;61505;24123;27897;51138;18044
3554102;Taubaté;625;309.483;495,17;97,96;2,98;151515;157968;56988;67266;136329;48900
3554201;Tejupá;296,19;4.707;15,89;77,48;3,1;2387;2320;1003;1172;1763;769
3554300;Teodoro Sampaio;1555,8;22.495;14,46;82,83;2,82;11109;11386;4379;5264;9570;3282
3554409;Terra Roxa;221,54;9.170;41,39;96,3;2,84;4611;4559;1721;2028;3887;1534
3554508;Tietê;404,4;41.405;102,39;91,41;2,91;20466;20939;7575;8953;18181;6696
3554607;Timburi;196,79;2.551;12,96;78,52;2,77;1305;1246;421;568;998;564
3554656;Torre de Pedra;71,35;2.325;32,59;71,74;2,67;1208;1117;389;543;931;462
3554706;Torrinha;315,27;9.736;30,88;87,53;2,84;4854;4882;1553;1999;4233;1951
3554755;Trabiju;63,42;1.716;27,06;93,82;2,94;847;869;319;426;686;285
3554805;Tremembé;191,09;46.364;242,63;93,24;3,44;24064;22300;7620;11977;20145;6622
3554904;Três Fronteiras;151,59;5.550;36,61;88,76;2,69;2757;2793;853;1152;2309;1236
3554953;Tuiuti;126,73;6.597;52,06;54,72;2,9;3313;3284;1032;1381;2829;1355
3555000;Tupã;627,99;62.720;99,87;95,99;2,79;30242;32478;9908;12007;27260;13545
3555109;Tupi Paulista;244,77;14.877;60,78;78,53;2,93;7682;7195;1834;3172;6519;3352
3555208;Turiúba;153,24;1.905;12,43;84,88;2,51;975;930;260;349;803;493
3555307;Turmalina;147,8;1.789;12,1;76,47;2,57;874;915;227;332;726;504
3555356;Ubarana;209,86;6.126;29,19;92,51;2,93;3102;3024;1223;1534;2568;801
3555406;Ubatuba;708,11;89.782;126,79;97,67;2,78;44249;45533;17423;21817;38166;12376
3555505;Ubirajara;282,18;4.684;16,6;73,83;2,79;2407;2277;908;1040;1871;865
3555604;Uchoa;252,43;9.689;38,38;93,82;2,75;4781;4908;1483;1937;4256;2013
3555703;União Paulista;79,06;1.751;22,15;80,75;2,92;905;846;347;382;738;284
3555802;Urânia;209,26;8.584;41,02;87,4;2,63;4245;4339;1225;1669;3694;1996
3555901;Uru;146,9;1.203;8,19;94,26;2,59;609;594;192;225;522;264
3556008;Urupês;323,92;13.181;40,69;92,02;2,76;6503;6678;2031;2571;5787;2792
3556107;Valentim Gentil;149,74;12.897;86,13;92,96;2,79;6442;6455;2216;2812;5778;2091
3556206;Valinhos;148,54;125.800;846,91;95,67;2,87;61798;64002;20242;25807;58697;21054
3556305;Valparaíso;857,66;24.099;28,1;97,45;3,3;13102;10997;4339;5783;10642;3335
3556354;Vargem;142,6;10.094;70,79;64,09;2,85;5110;4984;1607;2380;4334;1773
3556404;Vargem Grande do Sul;267,18;41.684;156,01;96,32;2,88;20576;21108;7951;8902;17684;7147
3556453;Vargem Grande Paulista;42,49;53.613;1261,78;100;3,13;26524;27089;11861;12534;22564;6654
3556503;Várzea Paulista;35,12;121.482;3459,05;100;2,94;60301;61181;24694;26962;53783;16043
3556602;Vera Cruz;247,72;10.506;42,41;90,13;2,96;5135;5371;1785;2287;4323;2111
3556701;Vinhedo;81,6;78.440;961,27;96,86;2,97;38678;39762;13749;16486;36015;12190
3556800;Viradouro;217,73;18.421;84,6;97,07;2,84;9224;9197;3368;4039;7931;3083
3556909;Vista Alegre do Alto;95,43;8.091;84,78;94,92;2,87;4122;3969;1408;1785;3747;1151
3556958;Vitória Brasil;49,83;1.761;35,34;89,15;2,79;890;871;279;350;773;359
3557006;Votorantim;183,52;120.662;657,49;96,19;3;59700;60962;23723;27549;52353;17037
3557105;Votuporanga;420,7;92.193;219,14;97,2;2,64;44871;47322;14248;18269;41931;17745
3557154;Zacarias;319,06;2.574;8,07;85,78;2,67;1277;1297;410;539;1130;495
3557204;Chavantes;188,73;12.229;64,8;94,41;3;6055;6174;2494;2679;4913;2143
3557303;Estiva Gerbi;74,14;11.156;150,47;79,76;3,02;5555;5601;1983;2527;4968;1678
